tweet,label
AI is transforming jobs in a positive way,positive
Automation is going to eliminate many roles,negative
Not sure how AI will affect employment,neutral
AI tools are making work faster and smarter,positive
I'm afraid robots will replace humans soon,negative
AI could create more jobs than it destroys,positive
The impact of AI on jobs is still unclear,neutral
Machines replacing people is concerning,negative
AI is boosting innovation across industries,positive
Job security is becoming uncertain due to AI,negative
AI might redefine how we work,neutral
AI is helping businesses grow faster,positive
Too much automation could harm workers,negative
AI is opening doors to new careers,positive
I think AI will balance jobs eventually,neutral
AI is reducing manual workload,positive
People are losing jobs because of automation,negative
AI impact is unpredictable right now,neutral
AI is enhancing productivity worldwide,positive
Automation is a threat to employment,negative
AI is the future of work,positive
No one knows how AI will change jobs completely,neutral
AI can replace repetitive tasks effectively,positive
Job losses due to AI are worrying,negative
AI might improve work-life balance,positive
I'm confused about AI's job impact,neutral
AI is helping companies scale quickly,positive
Automation could widen inequality,negative
AI is creating new opportunities daily,positive
AI changes are happening too fast,neutral
AI is revolutionizing industries,positive
Many workers fear AI takeover,negative
AI could lead to smarter workplaces,positive
The future of jobs is uncertain with AI,neutral
AI is beneficial for economic growth,positive
Automation might reduce job availability,negative
AI can improve efficiency significantly,positive
Hard to predict AI's long-term effects,neutral
AI is a powerful tool for development,positive
AI replacing humans is alarming,negative
AI could bring balance to industries,neutral
AI is driving innovation forward,positive
People worry about losing jobs to AI,negative
AI is helping reduce human errors,positive
The role of AI in jobs is still evolving,neutral
AI can improve overall productivity,positive
Automation might disrupt job markets,negative
AI is enabling new business models,positive
The outcome of AI adoption is uncertain,neutral
AI is improving workplace efficiency,positive
Job displacement is a real concern with AI,negative
AI could reshape the workforce,neutral
AI is beneficial for technological progress,positive
Automation threatens job security,negative
AI is opening up new skill areas,positive
AI effects are still being studied,neutral
AI is making processes faster,positive
Workers are anxious about AI impact,negative
AI could bring positive transformation,positive
AI job impact varies across industries,neutral
AI is increasing productivity levels,positive
Automation could lead to unemployment,negative
AI is helping industries modernize,positive
Not sure if AI will replace all jobs,neutral
AI is improving operational efficiency,positive
Fear of job loss due to AI is rising,negative
AI can support human workers effectively,positive
The future with AI is unpredictable,neutral
AI is revolutionizing business operations,positive
Automation may reduce human roles,negative
AI is creating innovative solutions,positive
AI impact depends on how it's used,neutral
AI is enhancing performance across sectors,positive
Job cuts due to AI are concerning,negative
AI can complement human skills,positive
AI future is still uncertain,neutral
AI is enabling faster decision making,positive
Automation could harm workforce stability,negative
AI is beneficial for growth and progress,positive
Mixed opinions exist about AI jobs,neutral
AI is streamlining operations globally,positive
Workers fear being replaced by AI,negative
AI is transforming traditional industries,positive
AI impact is complex and evolving,neutral
AI is increasing business efficiency,positive
Automation threatens livelihoods,negative
AI is a game changer for industries,positive
The effect of AI on jobs is unclear,neutral
AI is improving service quality,positive
Job loss fears are increasing due to AI,negative
AI is helping optimize processes,positive
AI consequences are still unknown,neutral
AI is driving digital transformation,positive
Automation could replace human labor,negative
AI is making systems smarter,positive
AI job impact depends on adoption,neutral
AI is shaping the future workforce,positive
AI is creating both opportunities and risks,neutral
